username,age,job_type,job_status,job_years,job_score,salary,monthly_expense,late_payment,debt_amount,amount_loans,,housing_status,has_workers,has_dependents,financial_distress
user057,70,GOV,retired,38,A,5271,6136,no,284,1,,rent,yes,no,0
omar9445,29,GOV,employeed,3,A,17879,6760,no,877,1,,own,yes,yes,0
huda963,48,PRV,employeed,6,C,8763,2240,no,822,0,,own,no,yes,0
fatima380,24,PRV,employeed,1,B,5686,1060,yes,58,1,,own,yes,yes,0
huda1468,66,GOV,retired,47,A,8129,10130,no,47,1,,own,yes,no,0
user441,27,PRV,employeed,6,B,8366,2639,no,386,0,,rent,yes,yes,0
omar802,52,PRV,employeed,6,C,14129,7185,no,876,1,,own,no,yes,0
fatima2271,25,GOV,employeed,0,A,10161,13312,yes,942,1,,rent,yes,no,1
omar804,51,PRV,employeed,9,A,6917,14350,no,838,1,,rent,yes,no,0
jana34,70,PRV,retired,0,B,0,8970,no,400,0,,rent,yes,yes,0
user921,27,GOV,employeed,9,A,10709,13418,yes,321,1,,own,no,no,0
moh18,55,PRV,employeed,1,A,15063,12761,yes,521,0,,own,no,no,0
rory04,20,PRV,employeed,1,C,3066,2252,yes,132,0,,rent,no,yes,1
rory39,59,GOV,employeed,13,A,10941,5203,no,837,1,,rent,yes,yes,0
omar8619,43,GOV,employeed,9,A,14972,9363,no,476,1,,rent,no,yes,1
sara203,31,PRV,employeed,12,B,11412,10650,no,388,0,,own,no,no,0
fatima09,67,PRV,retired,29,A,13223,4549,yes,85,0,,own,yes,no,1
abd3577,58,PRV,employeed,20,C,14794,5197,no,26,1,,own,no,no,1
huda468,65,PRV,employeed,29,B,6361,8009,no,542,0,,rent,no,no,0
rory1096,29,GOV,employeed,3,A,13316,7667,no,609,0,,rent,yes,no,0
jana689,72,GOV,retired,12,A,17484,3322,no,600,0,,own,yes,no,1
nada9628,48,GOV,employeed,7,A,7789,10828,yes,257,0,,rent,yes,no,1
abd209,32,PRV,employeed,11,B,5195,12307,no,699,1,,own,yes,no,0
omar9447,67,PRV,retired,27,C,4053,5090,no,584,1,,rent,yes,no,1
abd53,19,GOV,employeed,1,A,3116,7960,no,951,1,,own,no,no,1
rory72,74,GOV,retired,47,A,9242,4004,no,158,0,,rent,yes,yes,0
ali2568,55,PRV,employeed,8,A,8497,6136,no,388,0,,own,no,no,0
rory1022,18,GOV,employeed,0,A,3239,1329,no,859,0,,own,no,no,0
noor852,40,GOV,employeed,7,A,9721,4640,yes,13,0,,own,no,no,0
moh00,57,PRV,employeed,21,B,19448,13086,yes,973,1,,rent,no,no,0
huda956,31,GOV,employeed,2,A,6281,14808,no,64,0,,own,no,no,0
user05,66,GOV,retired,4,A,10314,8982,no,763,0,,rent,yes,no,0
huda812,53,PRV,employeed,8,C,8524,5107,yes,453,1,,own,yes,yes,0
jana931,47,GOV,employeed,1,A,19311,2341,yes,333,1,,rent,no,no,0
user32,50,GOV,employeed,6,A,19856,12855,yes,943,1,,own,no,no,1
huda9534,26,PRV,employeed,5,B,7814,9407,no,155,1,,own,no,no,0
ahmad980,36,GOV,employeed,4,A,18788,1338,yes,816,1,,rent,yes,yes,0
ali4576,58,PRV,employeed,39,A,18987,6895,no,687,1,,rent,yes,yes,1
user1256,59,GOV,employeed,38,A,14535,13254,yes,400,1,,rent,no,no,0
nada2091,49,PRV,employeed,19,B,10061,3708,no,681,1,,own,no,no,0
nada2386,55,GOV,employeed,18,A,8750,12344,yes,560,1,,rent,yes,yes,1
rory80,20,PRV,employeed,2,B,3802,2750,no,720,1,,rent,no,yes,0
fatima4109,50,PRV,employeed,30,D,9789,6604,yes,435,1,,own,no,no,1
ali262,37,PRV,employeed,8,C,17206,3421,no,877,0,,own,yes,yes,0
reem85,34,GOV,employeed,12,A,10455,8119,yes,288,1,,rent,yes,no,1
moh56,47,PRV,employeed,28,D,9213,9901,no,837,0,,rent,yes,no,0
omar29,70,GOV,retired,34,A,7602,6319,no,528,0,,rent,yes,yes,0
moh7238,28,GOV,employeed,6,A,11808,7609,no,814,1,,own,yes,yes,0
huda803,62,PRV,employeed,0,A,16276,14400,no,710,1,,own,yes,yes,0
rory320,29,GOV,employeed,4,A,10467,6387,no,335,0,,own,no,no,0
noor6509,70,PRV,retired,28,C,13631,12918,no,15,1,,own,yes,yes,0
nada457,42,GOV,employeed,17,A,17140,12834,no,359,1,,rent,yes,no,0
ahmad113,65,GOV,employeed,3,A,8216,4993,no,951,0,,rent,no,no,1
moh93,28,PRV,employeed,8,D,9385,9680,no,707,0,,rent,no,yes,1
ahmad10,44,GOV,employeed,18,A,6158,9044,no,231,0,,rent,no,no,1
huda3013,68,GOV,retired,49,A,12414,14849,no,445,0,,rent,yes,yes,0
ahmad043,75,GOV,retired,15,A,15206,9238,no,698,1,,rent,yes,no,1
abd7499,55,GOV,employeed,23,A,13382,12551,yes,777,1,,rent,no,no,0
omar471,73,GOV,retired,4,A,17439,5873,no,348,1,,own,yes,yes,0
ali372,26,PRV,employeed,4,D,17018,14327,no,251,1,,own,yes,yes,1
ali6512,32,PRV,employeed,9,A,18343,5806,yes,937,1,,rent,no,no,0
moh833,67,GOV,retired,25,A,13383,9592,no,503,1,,rent,yes,yes,0
noor603,60,GOV,employeed,9,A,17317,13182,yes,825,1,,rent,no,yes,0
moh1721,19,PRV,employeed,0,D,3700,6913,no,596,0,,rent,no,no,0
fatima72,66,GOV,retired,29,A,13451,8124,yes,574,0,,own,yes,no,0
rory94,18,GOV,employeed,0,A,3184,4157,no,696,1,,own,no,no,0
moh637,69,GOV,retired,47,A,18696,13537,no,663,0,,rent,yes,yes,0
noor985,73,PRV,retired,5,A,0,1390,no,788,1,,rent,yes,no,0
fatima3008,23,PRV,employeed,5,C,4460,13045,no,144,1,,own,no,no,0
ali2406,32,GOV,employeed,3,A,7211,5430,no,889,1,,rent,yes,no,0
user201,72,PRV,retired,34,C,14136,9820,no,28,0,,rent,yes,yes,1
moh5357,39,PRV,employeed,5,C,7952,8686,yes,349,0,,rent,no,no,1
fatima14,67,PRV,retired,35,B,10922,5232,no,485,0,,own,yes,no,1
ali98,22,PRV,employeed,2,C,7996,12122,yes,662,0,,own,no,yes,0
reem8164,69,GOV,retired,22,A,16809,9007,no,118,0,,own,yes,no,1
ali49,71,PRV,retired,44,D,3891,2521,no,551,1,,own,yes,no,0
sara266,70,GOV,retired,27,A,11619,10018,no,407,1,,own,yes,no,1
noor1965,35,PRV,employeed,17,C,19281,14014,no,379,1,,rent,no,no,0
sara7229,67,PRV,retired,6,A,0,2500,no,834,0,,rent,yes,no,0
jana870,63,GOV,employeed,5,A,10424,7737,no,917,0,,rent,no,no,0
moh843,57,GOV,employeed,5,A,18267,4294,yes,735,1,,own,yes,yes,0
jana4978,18,PRV,employeed,0,D,3089,6085,no,493,0,,rent,no,no,0
ahmad267,63,PRV,employeed,25,D,14844,3419,yes,315,0,,own,no,yes,1
user20,30,GOV,employeed,10,A,14606,10126,no,797,0,,rent,no,no,0
sara6389,34,GOV,employeed,10,A,16465,4042,no,129,1,,rent,yes,no,0
huda0687,35,GOV,employeed,5,A,10140,5497,no,393,1,,own,no,yes,1
nada588,46,GOV,employeed,12,A,13882,2466,yes,794,0,,rent,yes,yes,0
nada4923,62,GOV,employeed,10,A,14371,4561,no,182,1,,own,yes,yes,0
fatima039,24,PRV,employeed,1,B,6664,1614,yes,781,1,,rent,no,no,0
fatima45,63,GOV,employeed,42,A,12846,6392,no,853,0,,own,no,yes,0
sara467,30,GOV,employeed,2,A,16670,8693,yes,607,0,,own,yes,no,1
ali1987,69,PRV,retired,23,D,15476,10374,no,852,0,,own,yes,yes,0
moh181,50,PRV,employeed,11,A,10903,4223,no,815,0,,rent,no,yes,0
reem11,69,GOV,retired,41,A,18499,8138,no,545,1,,own,yes,yes,0
ahmad90,54,GOV,employeed,13,A,11132,3667,no,872,0,,own,yes,yes,1
huda8682,60,GOV,employeed,30,A,16675,8980,no,111,0,,rent,no,yes,0
sara7994,27,GOV,employeed,5,A,19377,14409,no,736,0,,own,no,no,0
nada2779,35,PRV,employeed,10,A,6924,1130,no,528,1,,own,yes,no,1
rory90,66,PRV,retired,12,A,12523,14482,no,723,0,,own,yes,no,0
noor1078,75,PRV,retired,20,D,0,3983,no,474,0,,own,yes,yes,0
noor767,36,PRV,employeed,2,D,5270,5278,no,68,1,,rent,no,no,0
ahmad308,51,PRV,employeed,13,B,12677,8126,no,646,1,,own,yes,no,0
user85,69,PRV,retired,32,D,4570,13651,yes,849,1,,own,yes,yes,0
rory5919,65,GOV,employeed,27,A,12062,9230,no,964,0,,own,no,no,0
noor98,67,PRV,retired,27,D,11136,8694,yes,231,1,,rent,yes,yes,1
jana671,46,PRV,employeed,28,B,11376,13151,no,682,0,,rent,no,yes,0
moh73,54,PRV,employeed,18,C,9029,7640,no,319,0,,own,yes,no,0
ali1228,55,GOV,employeed,31,A,5227,12779,no,837,0,,own,yes,yes,0
sara28,31,PRV,employeed,13,D,13879,6468,no,93,0,,own,no,yes,0
ahmad8109,24,PRV,employeed,3,A,5111,1920,no,667,1,,own,no,no,0
ahmad64,47,PRV,employeed,2,D,8715,8564,no,201,0,,own,no,no,0
omar829,61,GOV,employeed,43,A,9859,11961,no,410,0,,own,yes,yes,0
omar93,42,PRV,employeed,11,D,19864,13303,yes,93,0,,rent,no,no,1
abd990,53,GOV,employeed,9,A,6589,9684,no,55,0,,rent,no,yes,0
omar8353,50,GOV,employeed,16,A,5134,14737,yes,884,0,,rent,no,yes,0
sara055,48,PRV,employeed,27,B,14741,10323,no,132,1,,rent,yes,no,0
moh694,32,GOV,employeed,3,A,5172,12713,no,863,1,,rent,yes,no,0
fatima42,39,GOV,employeed,6,A,10634,9502,no,775,1,,rent,no,no,1
huda67,70,GOV,retired,19,A,17573,9930,no,558,1,,rent,yes,no,0
ahmad05,69,GOV,retired,29,A,18893,4241,no,152,0,,rent,yes,no,0
user324,31,GOV,employeed,5,A,5198,1545,yes,361,0,,own,yes,yes,1
sara1432,39,GOV,employeed,10,A,5893,11653,no,164,0,,rent,yes,no,1
user57,34,PRV,employeed,11,A,18673,5346,no,935,0,,own,no,no,0
abd50,67,GOV,retired,6,A,13512,14046,no,166,1,,own,yes,no,0
ahmad02,42,PRV,employeed,16,B,5464,10996,no,461,1,,rent,yes,no,0
abd0605,46,PRV,employeed,0,D,6600,12404,no,548,1,,rent,no,no,0
reem8068,38,PRV,employeed,19,D,19899,14585,yes,494,1,,rent,yes,yes,1
huda87,72,GOV,retired,29,A,8133,14919,no,484,0,,rent,yes,no,0
moh5191,49,GOV,employeed,25,A,14115,4810,no,327,0,,rent,yes,no,1
user58,47,PRV,employeed,18,D,18863,8206,yes,649,1,,rent,yes,no,1
fatima54,48,PRV,employeed,28,D,14139,10005,no,309,1,,own,no,no,0
jana0235,43,GOV,employeed,15,A,11273,13316,yes,938,0,,own,yes,yes,1
huda39,40,PRV,employeed,19,B,11898,14245,yes,554,0,,rent,no,yes,0
sara0679,19,PRV,employeed,1,A,3887,3032,yes,664,1,,own,no,no,0
reem377,53,GOV,employeed,26,A,5746,13764,no,376,0,,own,yes,yes,0
nada8121,43,PRV,employeed,1,A,19055,13605,no,853,1,,rent,yes,yes,1
nada4614,49,GOV,employeed,10,A,11152,9436,no,716,0,,own,yes,yes,0
jana650,51,PRV,employeed,19,D,5333,14035,no,475,1,,own,no,no,0
ali32,20,GOV,employeed,0,A,3273,13984,no,690,1,,rent,no,yes,0
reem844,36,GOV,employeed,8,A,13098,1271,no,312,0,,rent,no,yes,0
nada73,20,PRV,employeed,2,A,3771,4511,no,336,1,,own,no,no,0
nada1059,68,GOV,retired,18,A,17788,2771,yes,838,1,,rent,yes,no,0
ali72,70,PRV,retired,12,D,10100,10454,no,968,1,,own,yes,yes,0
omar028,71,GOV,retired,14,A,4023,11616,yes,918,1,,own,yes,no,1
fatima4529,22,GOV,employeed,3,A,5911,5361,no,549,0,,own,no,no,0
user153,25,PRV,employeed,2,D,18363,8069,no,384,1,,own,yes,no,1
user18,73,PRV,retired,1,C,0,1920,yes,597,0,,own,yes,yes,1
ahmad09,61,PRV,employeed,42,B,5021,9190,yes,561,0,,own,yes,no,1
user08,21,GOV,employeed,3,A,5533,4430,no,440,0,,rent,no,no,0
ahmad9620,65,GOV,employeed,12,A,16891,5435,no,811,0,,rent,yes,yes,1
nada7709,63,PRV,employeed,8,D,8594,13676,yes,871,0,,own,yes,no,1
huda5446,28,PRV,employeed,5,B,6030,11816,no,141,1,,rent,no,yes,0
nada84,44,GOV,employeed,1,A,17131,4760,yes,8,1,,rent,yes,no,1
ahmad08,46,PRV,employeed,25,B,9008,3050,no,820,0,,rent,yes,no,0
noor0235,48,GOV,employeed,14,A,17919,12692,no,473,0,,rent,yes,no,0
user491,54,GOV,employeed,26,A,18714,2165,yes,106,0,,rent,yes,yes,0
user89,62,PRV,employeed,18,B,6902,9567,yes,640,1,,rent,yes,yes,1
nada140,70,PRV,retired,39,B,19252,3033,yes,468,0,,rent,yes,yes,1
huda438,44,GOV,employeed,2,A,11047,7467,no,608,1,,own,no,no,0
sara63,45,GOV,employeed,27,A,15546,1145,yes,354,0,,own,yes,no,1
jana32,49,PRV,employeed,28,C,16873,5388,no,8,0,,rent,no,yes,0
jana237,39,GOV,employeed,7,A,15135,8832,yes,259,0,,rent,yes,no,0
sara4154,36,GOV,employeed,11,A,16826,9623,no,930,1,,rent,no,no,1
ali3198,28,PRV,employeed,2,B,12365,9896,no,796,1,,own,yes,no,0
ahmad947,42,PRV,employeed,18,B,9420,9173,no,609,0,,own,no,no,0
noor2788,18,PRV,employeed,0,A,4000,3632,no,222,1,,rent,no,no,1
moh348,29,PRV,employeed,9,D,11230,5494,no,959,1,,rent,yes,yes,0
jana9254,59,GOV,employeed,38,A,12010,9056,no,565,1,,rent,no,yes,0
omar1880,67,GOV,retired,40,A,3760,8511,no,480,0,,own,yes,yes,0
ahmad5122,24,GOV,employeed,4,A,5491,10155,no,557,0,,own,no,no,0
jana1864,61,GOV,employeed,23,A,8939,11426,yes,296,1,,rent,no,yes,0
reem25,37,GOV,employeed,12,A,17956,11233,no,648,0,,rent,yes,no,0
ali0656,52,GOV,employeed,24,A,14975,2828,no,955,0,,own,yes,yes,0
rory60,39,PRV,employeed,11,D,13776,11300,yes,304,0,,own,no,yes,1
sara16,62,PRV,employeed,3,C,13783,13260,no,761,0,,own,yes,yes,0
user3547,44,PRV,employeed,23,D,14129,10130,no,805,0,,own,no,yes,0
noor648,74,PRV,retired,14,D,15187,5805,no,906,1,,rent,yes,no,0
reem8622,35,GOV,employeed,1,A,12791,1806,no,687,0,,own,no,yes,0
fatima92,28,GOV,employeed,9,A,16096,10655,no,23,0,,own,no,no,0
sara0478,74,PRV,retired,31,B,10005,8486,yes,224,1,,rent,yes,no,0
sara478,46,GOV,employeed,2,A,17887,14613,no,468,0,,rent,no,no,1
reem524,46,PRV,employeed,28,C,16802,12607,no,433,0,,rent,yes,no,1
huda28,45,PRV,employeed,6,C,7109,9202,yes,367,0,,own,no,no,1
ahmad454,75,GOV,retired,42,A,4326,14373,yes,203,0,,own,yes,no,0
nada6294,45,GOV,employeed,17,A,12075,2868,no,56,0,,rent,yes,yes,0
abd15,18,PRV,employeed,0,C,3062,8878,yes,471,1,,own,no,yes,1
moh879,40,PRV,employeed,20,D,10921,14059,no,649,1,,own,no,yes,0
moh0340,36,GOV,employeed,4,A,6828,6690,yes,168,1,,rent,no,no,1
nada367,30,PRV,employeed,1,A,11452,14895,yes,958,0,,rent,yes,yes,1
jana851,35,GOV,employeed,5,A,15186,8827,yes,382,0,,rent,no,yes,0
rory4629,50,PRV,employeed,4,C,15923,6429,no,730,1,,own,yes,yes,0
huda31,39,PRV,employeed,5,C,5747,10076,no,291,1,,rent,no,yes,0
nada4479,70,PRV,retired,26,C,11291,4564,no,129,0,,own,yes,yes,0
jana9036,22,PRV,employeed,0,B,6107,2389,no,853,0,,own,no,no,0
rory308,68,PRV,retired,5,D,0,12593,yes,685,0,,own,yes,yes,0
ahmad24,62,GOV,employeed,25,A,14809,8274,no,66,0,,rent,yes,yes,0
noor526,21,GOV,employeed,1,A,3548,13513,no,891,1,,own,no,yes,0
ali297,57,GOV,employeed,25,A,9541,1824,no,572,1,,rent,yes,yes,0
moh29,51,GOV,employeed,30,A,18130,3265,yes,387,1,,own,yes,yes,1
moh5647,37,PRV,employeed,3,D,12544,1936,no,567,0,,own,no,yes,0
abd25,26,GOV,employeed,1,A,10695,11992,yes,856,0,,own,no,yes,1
reem99,56,GOV,employeed,13,A,7517,11745,no,919,0,,own,yes,yes,0
reem3166,31,PRV,employeed,11,B,17363,7402,no,268,0,,rent,yes,yes,0
moh861,48,PRV,employeed,11,A,16723,4845,no,870,0,,own,no,no,1
rory969,74,PRV,retired,11,B,3248,2796,no,118,0,,rent,yes,no,0
sara320,29,GOV,employeed,0,A,6024,9245,no,504,0,,own,no,yes,1
abd470,29,GOV,employeed,2,A,12472,8214,no,267,0,,own,yes,no,0
huda7868,18,PRV,employeed,0,B,3182,1726,no,341,0,,own,no,no,0
reem91,46,GOV,employeed,0,A,5117,3736,no,164,1,,rent,yes,yes,1
sara903,19,PRV,employeed,1,D,3508,14832,no,947,0,,rent,no,no,0
ali587,49,PRV,employeed,31,B,9373,12362,no,301,1,,rent,no,yes,1
abd6492,33,GOV,employeed,9,A,9410,14331,no,99,0,,rent,no,no,1
ali47,35,PRV,employeed,9,D,8487,2913,no,179,0,,rent,yes,yes,0
ahmad8395,20,PRV,employeed,1,C,3475,10788,no,606,0,,own,no,yes,0
noor382,46,PRV,employeed,16,B,17853,11106,yes,798,0,,own,no,yes,0
omar66,41,GOV,employeed,2,A,10265,8657,no,16,0,,rent,no,no,1
moh68,21,PRV,employeed,3,A,4596,3466,yes,673,1,,own,no,yes,0
noor6504,44,GOV,employeed,16,A,19985,11929,no,643,1,,rent,yes,yes,0
nada7578,33,PRV,employeed,8,D,8223,10041,no,230,0,,own,no,no,0
moh765,69,PRV,retired,29,A,15174,11301,no,801,1,,rent,yes,no,0
abd4313,39,GOV,employeed,11,A,9377,8312,no,168,0,,own,no,yes,0
sara736,58,PRV,employeed,29,C,14867,9194,no,737,1,,rent,no,yes,0
nada5495,22,GOV,employeed,4,A,6654,13447,no,544,1,,rent,no,no,0
omar4267,48,PRV,employeed,14,A,18750,8906,no,234,0,,rent,no,yes,0
fatima01,22,GOV,employeed,3,A,8693,13261,yes,701,1,,rent,no,no,1
ali614,25,PRV,employeed,5,A,15545,5876,no,144,1,,rent,yes,yes,0
reem20,40,PRV,employeed,4,D,5922,8287,yes,601,1,,rent,no,yes,0
omar4560,44,PRV,employeed,11,D,8945,1892,no,575,0,,own,no,no,0
huda6314,27,GOV,employeed,5,A,12333,11222,no,731,1,,own,yes,no,0
jana88,26,GOV,employeed,0,A,5215,12352,no,999,1,,rent,no,no,1
fatima1240,54,PRV,employeed,29,C,5914,11568,yes,61,0,,rent,no,no,0
sara24,47,GOV,employeed,11,A,7205,5675,yes,60,1,,own,yes,yes,1
ahmad078,31,PRV,employeed,5,A,5801,2933,no,128,1,,rent,yes,yes,0
sara7707,26,GOV,employeed,6,A,7749,2380,yes,848,0,,rent,yes,no,0
ahmad419,56,PRV,employeed,23,C,14097,12873,yes,620,0,,own,no,no,0
sara86,49,GOV,employeed,24,A,8859,2290,yes,982,1,,rent,no,no,1
ali657,28,PRV,employeed,8,B,11935,2640,no,389,1,,rent,no,no,0
noor30,38,PRV,employeed,9,B,6888,14239,no,887,1,,rent,yes,yes,0
user60,64,PRV,employeed,21,C,5541,8490,no,1000,1,,own,no,no,0
fatima138,61,GOV,employeed,26,A,12488,11874,yes,83,0,,own,yes,yes,1
reem33,34,GOV,employeed,7,A,7369,10179,no,819,0,,own,yes,no,0
abd357,40,GOV,employeed,21,A,18785,2218,no,803,1,,rent,yes,no,0
jana080,45,PRV,employeed,11,A,5722,6016,no,867,0,,own,yes,no,0
reem21,74,PRV,retired,46,C,7943,7881,yes,439,1,,rent,yes,no,1
abd094,43,PRV,employeed,15,B,7081,10547,yes,320,0,,rent,no,yes,1
ali1606,21,GOV,employeed,2,A,4886,13457,yes,382,0,,own,no,yes,1
sara25,22,PRV,employeed,2,D,6364,13808,no,731,0,,own,no,yes,1
rory6002,30,GOV,employeed,6,A,15202,14774,no,332,0,,own,no,yes,0
sara6949,52,PRV,employeed,28,B,6541,13327,yes,611,0,,own,no,yes,1
huda1872,68,GOV,retired,45,A,7623,10752,yes,34,0,,rent,yes,yes,1
huda8157,46,GOV,employeed,21,A,15550,10610,yes,752,0,,own,no,no,1
user2751,65,GOV,employeed,37,A,6589,1954,no,432,0,,own,yes,no,0
ahmad943,57,PRV,employeed,1,C,19849,10175,yes,451,0,,rent,yes,no,1
fatima070,35,PRV,employeed,9,D,6904,8291,no,16,0,,own,yes,no,0
huda140,41,GOV,employeed,23,A,6882,1974,no,867,0,,own,no,no,0
abd58,73,GOV,retired,35,A,5130,5133,no,711,0,,own,yes,no,0
moh67,24,PRV,employeed,2,A,5425,6370,yes,822,0,,own,no,no,1
rory209,46,PRV,employeed,23,A,16896,4972,yes,273,0,,own,yes,no,0
reem3843,58,GOV,employeed,37,A,8943,6295,no,360,0,,rent,no,yes,0
noor80,65,GOV,employeed,25,A,15370,14913,no,539,1,,own,no,yes,0
moh86,35,GOV,employeed,15,A,16973,10105,no,229,1,,own,no,yes,0
sara871,69,GOV,retired,13,A,15052,13741,no,321,1,,own,yes,no,1
noor64,62,GOV,employeed,41,A,8945,9228,yes,822,0,,rent,no,no,1
nada87,38,GOV,employeed,18,A,8750,12579,no,21,0,,own,yes,no,0
abd37,24,PRV,employeed,2,B,7517,10903,no,123,0,,own,yes,yes,0
ali69,49,PRV,employeed,26,D,10221,4020,yes,475,1,,rent,yes,yes,1
rory703,69,PRV,retired,11,B,15771,9987,no,394,0,,own,yes,yes,1
nada540,46,PRV,employeed,26,B,13167,5036,no,503,1,,rent,no,no,1
jana30,58,PRV,employeed,1,A,13694,6068,no,236,0,,rent,no,no,0
omar98,20,PRV,employeed,1,A,3770,13880,no,46,1,,rent,no,no,1
huda18,45,GOV,employeed,6,A,14270,6233,no,683,1,,rent,yes,no,0
omar46,54,GOV,employeed,25,A,16535,12303,no,647,0,,own,yes,no,0
ahmad190,65,GOV,employeed,14,A,6382,10516,yes,654,0,,own,yes,no,0
rory50,28,PRV,employeed,4,A,11008,1317,no,163,1,,own,yes,yes,0
jana274,66,PRV,retired,15,B,6101,3396,no,605,0,,rent,yes,yes,0
abd7095,43,PRV,employeed,6,A,8665,3162,yes,504,0,,rent,no,yes,0
reem34,65,PRV,employeed,1,D,17261,3745,no,938,1,,rent,no,yes,0
ali924,45,GOV,employeed,14,A,12915,14634,no,139,0,,own,no,yes,0
jana828,75,GOV,retired,54,A,6881,2591,no,232,1,,rent,yes,yes,0
rory382,36,GOV,employeed,14,A,16119,12303,no,81,0,,rent,yes,no,0
ali9405,18,PRV,employeed,0,C,3069,7183,no,26,1,,rent,no,no,1
user81,30,PRV,employeed,4,A,11032,4930,yes,396,1,,own,yes,yes,0
omar5656,21,GOV,employeed,1,A,3850,11188,yes,518,0,,rent,no,no,1
fatima15,58,PRV,employeed,25,C,5964,2312,yes,981,0,,rent,no,no,1
user26,37,GOV,employeed,9,A,11606,10477,no,219,1,,own,yes,yes,0
ali60,19,GOV,employeed,0,A,3681,5311,no,987,0,,own,no,no,0
nada42,35,GOV,employeed,8,A,15622,8314,yes,263,1,,rent,no,no,0
ali286,31,GOV,employeed,4,A,17136,3383,no,316,1,,own,no,yes,0
jana95,30,PRV,employeed,5,B,8771,4239,no,49,1,,own,yes,yes,0
ahmad316,40,GOV,employeed,21,A,9519,3139,no,821,0,,rent,no,no,1
moh421,50,GOV,employeed,31,A,13901,2704,no,439,0,,own,no,yes,0
sara43,45,PRV,employeed,1,A,14484,7924,yes,263,1,,own,yes,yes,1
noor063,45,GOV,employeed,23,A,15289,1362,no,556,0,,own,no,yes,0
omar92,50,GOV,employeed,24,A,16139,3604,no,37,0,,own,no,no,0
user92,28,PRV,employeed,6,B,12159,10908,no,824,1,,rent,no,yes,1
fatima3043,75,GOV,retired,30,A,3688,14481,no,686,0,,rent,yes,yes,0
user4575,48,PRV,employeed,23,A,6842,13643,no,361,1,,own,yes,yes,0
ali27,69,PRV,retired,43,B,15757,5286,no,209,1,,rent,yes,yes,0
jana4205,59,GOV,employeed,29,A,15142,4738,yes,318,1,,rent,no,yes,1
user0030,49,GOV,employeed,8,A,16682,3469,no,90,0,,own,yes,no,0
moh251,57,PRV,employeed,20,B,17096,5795,no,496,1,,rent,no,no,1
ali845,65,GOV,employeed,16,A,11266,7150,no,794,1,,rent,no,no,1
user990,74,GOV,retired,54,A,17483,1556,yes,374,1,,own,yes,no,0
rory75,35,GOV,employeed,9,A,14245,10017,yes,444,1,,own,yes,no,1
fatima18,27,PRV,employeed,0,A,17975,3808,yes,923,1,,rent,no,yes,1
abd1786,46,GOV,employeed,25,A,12270,6150,no,280,0,,own,no,no,0
rory051,73,GOV,retired,5,A,3089,13713,no,385,0,,own,yes,no,0
fatima603,38,GOV,employeed,14,A,15726,8561,yes,534,0,,rent,yes,no,0
moh05,73,PRV,retired,10,A,14469,3719,no,364,0,,own,yes,no,0
reem53,42,GOV,employeed,6,A,14630,7506,no,91,1,,rent,no,yes,0
abd062,53,GOV,employeed,18,A,14307,12700,no,199,1,,own,yes,yes,0
fatima76,59,PRV,employeed,8,B,14430,4741,no,336,1,,own,yes,yes,0
abd6558,42,PRV,employeed,12,C,13339,10766,no,226,1,,own,no,no,0
rory20,35,PRV,employeed,7,B,11581,4998,no,937,0,,own,yes,yes,0
ahmad48,29,GOV,employeed,9,A,13941,11321,yes,574,0,,own,no,no,1
user104,53,GOV,employeed,8,A,16074,3403,no,543,1,,own,no,yes,1
ahmad3420,49,PRV,employeed,0,C,10137,12521,no,547,0,,rent,no,yes,1
ahmad378,60,PRV,employeed,19,B,6182,9780,no,14,0,,own,no,yes,0
reem352,71,GOV,retired,24,A,3866,11204,no,732,1,,rent,yes,yes,1
sara6293,38,GOV,employeed,3,A,13049,10739,no,760,0,,rent,yes,yes,0
ahmad402,23,GOV,employeed,3,A,4038,1294,yes,574,0,,own,yes,no,0
reem9033,40,PRV,employeed,3,B,16756,11177,no,506,0,,rent,yes,yes,0
ali55,55,GOV,employeed,8,A,14694,6343,yes,813,1,,rent,yes,yes,0
omar8751,73,PRV,retired,25,A,18428,14836,yes,263,1,,own,yes,no,1
fatima79,75,PRV,retired,52,C,0,12309,no,861,1,,own,yes,yes,0
huda17,61,GOV,employeed,43,A,5517,10882,no,893,1,,rent,no,no,0
abd2306,47,PRV,employeed,20,D,6108,2136,yes,29,1,,rent,no,no,0
rory22,33,PRV,employeed,4,D,18151,14544,no,799,1,,own,yes,no,0
noor685,39,GOV,employeed,6,A,12649,3064,no,597,0,,own,no,no,1
jana329,20,GOV,employeed,1,A,3454,13647,yes,285,1,,rent,no,no,1
omar41,68,GOV,retired,2,A,13451,8009,no,332,0,,own,yes,yes,0
fatima0650,42,PRV,employeed,20,A,9895,13987,no,280,1,,rent,no,yes,0
huda58,60,PRV,employeed,39,A,15580,5543,no,619,0,,own,no,no,0
huda488,36,GOV,employeed,4,A,9335,13962,yes,376,1,,rent,yes,no,1
fatima840,45,GOV,employeed,17,A,9938,2007,no,443,0,,own,yes,yes,0
rory09,20,GOV,employeed,1,A,3110,6445,no,646,0,,own,no,yes,0
noor060,30,PRV,employeed,0,C,17552,11706,no,939,1,,rent,no,yes,0
fatima85,60,PRV,employeed,25,B,5553,12718,yes,735,1,,own,yes,no,1
fatima627,37,GOV,employeed,4,A,9541,13873,no,739,0,,rent,no,yes,0
fatima60,39,PRV,employeed,14,D,16488,6352,yes,160,1,,rent,no,yes,0
reem95,56,PRV,employeed,28,B,17088,10439,no,335,0,,rent,yes,no,0
noor62,44,PRV,employeed,5,B,15892,14281,yes,647,1,,own,yes,no,0
moh15,32,GOV,employeed,12,A,13049,13094,no,563,0,,rent,no,yes,0
rory6188,26,GOV,employeed,5,A,17549,2435,no,156,1,,rent,yes,no,0
noor9065,64,GOV,employeed,17,A,11331,1571,no,457,1,,rent,no,yes,0
user5697,33,GOV,employeed,6,A,13439,3382,yes,915,1,,rent,yes,no,1
ahmad5279,49,GOV,employeed,16,A,15228,10437,no,896,1,,rent,no,yes,0
noor580,50,PRV,employeed,3,D,14196,11276,no,159,0,,own,no,yes,1
reem4750,60,PRV,employeed,30,C,14935,6084,no,741,1,,rent,no,no,0
nada57,62,PRV,employeed,33,A,12543,1277,no,795,0,,own,no,yes,0
omar65,27,PRV,employeed,0,D,19642,14507,no,251,0,,rent,yes,yes,0
omar831,71,GOV,retired,1,A,14499,8059,no,75,1,,rent,yes,no,0
jana077,53,PRV,employeed,26,A,17307,2887,no,810,0,,rent,yes,no,0
reem1021,40,GOV,employeed,15,A,16163,13771,no,26,0,,own,yes,no,0
fatima269,18,GOV,employeed,0,A,3900,2265,no,46,0,,own,no,yes,0
fatima858,32,GOV,employeed,10,A,8714,8491,no,877,1,,rent,no,no,0
jana6545,68,GOV,retired,4,A,13497,14018,no,770,0,,rent,yes,no,0
omar63,41,GOV,employeed,19,A,16272,2040,yes,791,0,,own,yes,yes,0
jana35,54,GOV,employeed,33,A,15168,10109,no,314,0,,rent,no,yes,0
omar001,27,PRV,employeed,0,B,19042,9073,no,808,1,,rent,yes,no,0
ali3447,74,PRV,retired,12,D,3993,10077,no,732,1,,rent,yes,yes,0
nada6096,25,GOV,employeed,1,A,9753,3752,yes,832,0,,own,yes,no,1
moh850,54,PRV,employeed,32,C,14313,9213,no,538,0,,own,yes,no,0
omar2603,62,PRV,employeed,39,A,14780,5569,no,273,0,,own,no,yes,0
abd7480,34,GOV,employeed,15,A,12202,12383,no,824,1,,rent,no,no,1
ahmad816,75,GOV,retired,42,A,10119,7353,yes,623,1,,own,yes,yes,0
abd228,69,GOV,retired,3,A,8347,3353,no,223,1,,rent,yes,yes,0
ali606,19,GOV,employeed,0,A,3527,8437,no,412,1,,own,no,no,0
omar801,29,PRV,employeed,8,D,13584,5799,no,493,1,,own,yes,no,0
rory84,55,PRV,employeed,8,D,15353,1686,no,110,0,,rent,no,yes,0
ali2360,63,PRV,employeed,20,D,5978,9476,no,449,1,,rent,yes,no,0
user79,41,GOV,employeed,13,A,16456,5811,no,58,1,,own,yes,no,0
nada41,68,PRV,retired,13,A,14759,12939,yes,342,1,,own,yes,no,1
sara36,52,PRV,employeed,30,C,16475,9954,no,629,0,,rent,no,yes,0
moh12,22,GOV,employeed,0,A,8909,6346,no,210,0,,own,no,no,0
reem075,36,GOV,employeed,0,A,5491,6043,yes,513,0,,own,no,yes,0
abd46,43,PRV,employeed,1,C,17362,3428,yes,588,0,,rent,yes,no,1
fatima084,49,PRV,employeed,1,C,13792,11699,no,459,1,,own,no,yes,0
noor694,50,GOV,employeed,23,A,15206,6126,no,736,0,,rent,yes,yes,0
fatima2326,25,PRV,employeed,1,C,7212,9220,no,371,1,,own,no,no,0
abd910,41,PRV,employeed,15,A,6848,10098,no,859,0,,rent,no,yes,0
rory6960,33,PRV,employeed,1,B,6820,12296,no,358,0,,rent,yes,no,1
fatima628,55,PRV,employeed,31,D,17105,8813,no,748,0,,rent,no,yes,0
moh2515,36,PRV,employeed,4,A,10689,13191,yes,916,0,,own,yes,yes,0
jana37,67,GOV,retired,35,A,10355,12186,no,208,0,,own,yes,no,0
abd093,32,PRV,employeed,8,B,5380,11698,no,140,1,,own,yes,yes,1
moh717,28,GOV,employeed,9,A,14528,13857,yes,612,0,,own,no,no,0
noor0558,21,GOV,employeed,2,A,7093,12801,yes,301,1,,own,no,no,1
rory480,75,PRV,retired,29,B,0,12745,no,533,0,,rent,yes,yes,0
sara3090,53,GOV,employeed,19,A,13692,10645,no,227,0,,own,yes,no,0
abd5136,41,GOV,employeed,20,A,15432,14025,no,962,0,,own,no,yes,1
noor26,75,PRV,retired,7,A,0,4356,no,552,1,,rent,yes,yes,0
reem616,61,GOV,employeed,14,A,9409,9707,no,671,1,,own,yes,yes,0
user290,18,PRV,employeed,0,A,3151,8266,no,657,0,,own,no,yes,0
reem0426,69,GOV,retired,6,A,6308,7540,no,586,0,,rent,yes,yes,0
jana048,55,PRV,employeed,12,A,15362,1038,no,296,0,,rent,yes,yes,0
huda26,61,PRV,employeed,42,C,7009,4342,yes,270,1,,own,yes,no,0
abd36,23,PRV,employeed,1,D,5849,10078,no,153,0,,own,yes,no,0
nada26,64,PRV,employeed,35,D,9672,3844,no,702,0,,own,yes,yes,0
ali04,54,GOV,employeed,24,A,18391,11396,no,973,1,,own,yes,yes,1
sara4107,18,GOV,employeed,0,A,3841,2098,no,188,1,,rent,no,yes,0
nada176,71,GOV,retired,53,A,5077,8027,no,99,1,,own,yes,yes,0
fatima130,43,PRV,employeed,12,A,10289,2823,yes,107,1,,rent,no,yes,1
moh0756,22,GOV,employeed,4,A,8904,12393,no,284,1,,rent,no,yes,0
ali102,23,GOV,employeed,2,A,7031,14998,no,968,0,,rent,no,no,0
noor8253,72,GOV,retired,40,A,9650,14261,yes,672,1,,own,yes,no,0
omar3852,59,PRV,employeed,22,A,17760,4155,yes,807,0,,own,no,no,0
moh54,53,GOV,employeed,24,A,7692,4093,no,447,0,,own,yes,yes,0
omar0996,53,PRV,employeed,21,B,5288,12722,yes,946,0,,rent,yes,no,1
huda7854,39,GOV,employeed,4,A,13107,6658,no,679,1,,own,no,no,0
omar12,53,PRV,employeed,14,C,11426,4778,yes,7,1,,own,no,no,0
ahmad0025,60,PRV,employeed,6,D,8891,3896,no,781,0,,rent,no,yes,0
reem00,41,GOV,employeed,9,A,13210,12645,yes,275,0,,own,no,yes,1
reem598,43,GOV,employeed,10,A,9978,12703,no,89,0,,own,yes,no,1
nada59,65,GOV,employeed,20,A,7092,1988,no,206,1,,own,no,no,0
moh2459,47,PRV,employeed,9,B,17308,5116,no,819,1,,rent,yes,no,0
sara9837,39,GOV,employeed,21,A,5390,7446,yes,175,1,,own,no,no,0
sara01,58,PRV,employeed,32,D,13208,14156,no,776,0,,own,no,yes,1
moh21,74,GOV,retired,37,A,11286,13218,no,769,1,,own,yes,no,0
rory097,19,PRV,employeed,1,B,3759,5179,no,353,0,,own,no,no,0
noor7306,58,GOV,employeed,38,A,9305,2682,yes,716,1,,rent,yes,no,1
omar982,20,PRV,employeed,0,B,3183,14698,yes,133,1,,own,no,yes,1
noor08,65,GOV,employeed,45,A,7835,6626,no,810,1,,own,no,yes,0
user3907,39,GOV,employeed,18,A,9156,8424,no,461,1,,own,yes,yes,1
abd9987,21,PRV,employeed,1,B,6149,13857,no,202,1,,own,no,no,1
fatima090,67,GOV,retired,10,A,11360,13155,no,19,1,,own,yes,yes,0
user7688,32,GOV,employeed,9,A,9546,1933,no,446,1,,rent,no,no,0
noor38,22,PRV,employeed,1,B,6181,4598,yes,117,1,,own,no,no,1
sara618,48,PRV,employeed,27,A,13053,12425,no,553,1,,own,yes,no,0
jana482,43,GOV,employeed,0,A,8896,2980,yes,206,0,,rent,yes,no,0
moh7250,45,GOV,employeed,7,A,6059,11047,no,356,1,,rent,yes,no,0
abd64,34,GOV,employeed,7,A,19464,4056,no,825,1,,rent,no,yes,0
ahmad420,43,GOV,employeed,6,A,7737,9984,no,687,0,,own,no,yes,0
ali16,35,PRV,employeed,8,B,8634,1791,yes,296,0,,own,no,no,0
reem634,19,PRV,employeed,0,D,3183,11001,yes,513,0,,own,no,no,1
jana554,69,GOV,retired,3,A,5466,6390,yes,90,1,,rent,yes,yes,1
moh5213,60,PRV,employeed,39,A,5728,7635,yes,474,0,,rent,yes,yes,1
jana5800,49,GOV,employeed,22,A,8525,3255,yes,83,0,,own,no,no,0
sara522,54,PRV,employeed,0,B,10901,4610,no,173,1,,rent,yes,yes,0
omar2507,28,PRV,employeed,9,B,12770,2607,yes,795,1,,own,yes,no,1
ahmad4962,74,PRV,retired,6,A,0,6179,yes,180,0,,own,yes,no,0
jana819,44,GOV,employeed,6,A,13724,7573,no,857,1,,rent,yes,yes,0
sara520,26,GOV,employeed,5,A,6403,1984,no,221,1,,own,yes,no,0
nada095,25,PRV,employeed,1,B,12284,6776,no,759,0,,rent,no,yes,0
abd95,19,GOV,employeed,0,A,3032,4676,yes,377,0,,rent,no,yes,0
moh0009,64,GOV,employeed,40,A,17426,4380,no,331,1,,own,no,no,0
abd072,61,GOV,employeed,32,A,7870,9711,yes,743,0,,rent,no,yes,1
user8282,60,GOV,employeed,15,A,13383,9782,yes,797,1,,own,no,no,1
abd7329,51,PRV,employeed,24,B,9678,2050,no,791,0,,rent,no,yes,0
sara76,50,GOV,employeed,20,A,16592,14997,yes,531,1,,own,no,no,1
sara107,21,GOV,employeed,3,A,3615,4633,no,208,0,,rent,no,no,0
fatima378,42,PRV,employeed,12,C,7168,7342,no,23,0,,own,yes,yes,0
rory12,41,GOV,employeed,19,A,15938,13636,no,799,0,,rent,no,yes,0
jana82,37,GOV,employeed,16,A,5963,1959,no,36,0,,rent,no,no,0
abd304,23,GOV,employeed,3,A,4998,7059,yes,422,1,,own,yes,yes,0
abd7614,40,PRV,employeed,20,B,6462,9884,no,101,0,,own,yes,yes,0
ahmad8989,67,PRV,retired,46,A,10541,6655,no,430,0,,own,yes,no,0
nada13,37,GOV,employeed,18,A,5260,13091,no,777,1,,own,no,no,0
rory18,40,GOV,employeed,14,A,18501,5473,no,423,1,,own,no,no,0
noor533,27,PRV,employeed,7,A,11723,3946,yes,908,0,,rent,yes,yes,0
abd01,71,PRV,retired,48,B,10932,8725,no,47,1,,rent,yes,no,0
omar16,48,GOV,employeed,2,A,15895,1526,yes,851,0,,own,yes,no,1
fatima62,30,GOV,employeed,7,A,16631,4224,no,786,0,,rent,no,no,0
fatima68,41,PRV,employeed,16,C,9636,11445,no,589,0,,rent,no,no,0
nada2826,65,GOV,employeed,20,A,9880,12536,yes,825,1,,rent,no,yes,1
abd8163,26,GOV,employeed,1,A,6994,13157,no,990,0,,rent,no,yes,1
ali0041,68,PRV,retired,17,A,17501,14547,yes,717,1,,rent,yes,yes,1
moh07,75,PRV,retired,40,D,0,2875,no,271,1,,rent,yes,no,0
sara08,32,PRV,employeed,2,C,12451,2763,no,918,1,,rent,yes,no,0
moh686,31,GOV,employeed,12,A,8631,9712,no,368,0,,rent,no,no,0
nada8956,59,GOV,employeed,1,A,11773,6797,no,343,1,,own,no,no,1
jana701,25,PRV,employeed,6,D,13477,10208,no,564,1,,own,no,yes,0
abd229,56,GOV,employeed,23,A,11781,8099,yes,906,1,,own,no,yes,1
jana562,67,GOV,retired,8,A,12761,6109,yes,846,0,,rent,yes,no,1
huda8618,69,PRV,retired,28,A,12629,7644,yes,439,1,,own,yes,no,0
fatima9457,41,GOV,employeed,19,A,10306,1116,yes,425,0,,rent,no,yes,0
ali471,29,PRV,employeed,8,A,7154,3433,no,531,1,,rent,no,yes,0
ahmad8651,68,GOV,retired,50,A,17548,6463,no,980,0,,rent,yes,yes,0
user62,21,GOV,employeed,1,A,7715,1583,no,422,1,,own,no,yes,0
noor042,26,GOV,employeed,5,A,10352,9586,yes,495,1,,own,no,yes,0
moh064,58,PRV,employeed,29,A,10621,14375,no,345,1,,rent,no,no,0
user979,34,GOV,employeed,13,A,7680,4788,no,143,1,,rent,yes,yes,0
ahmad2635,64,GOV,employeed,16,A,5381,11960,yes,362,0,,rent,no,no,0
nada093,39,GOV,employeed,21,A,8516,5167,no,871,0,,rent,no,yes,0
abd6533,46,PRV,employeed,2,C,12883,13052,no,328,0,,own,yes,no,1
ali586,26,GOV,employeed,6,A,11415,9465,yes,853,0,,rent,no,no,1
huda90,33,GOV,employeed,11,A,16369,11205,no,797,0,,rent,yes,no,0
jana6247,60,GOV,employeed,13,A,6392,14631,no,733,0,,rent,yes,no,0
ali013,67,PRV,retired,32,D,14910,13625,yes,603,0,,own,yes,no,1
sara682,57,GOV,employeed,17,A,15855,2389,no,587,0,,rent,yes,yes,0
user93,32,GOV,employeed,1,A,16522,12758,no,783,1,,rent,yes,no,0
omar388,43,GOV,employeed,25,A,14866,13894,no,330,1,,own,no,no,1
noor246,39,GOV,employeed,9,A,8539,9357,no,227,0,,own,yes,no,0
ali832,54,GOV,employeed,26,A,18856,10759,no,822,0,,own,no,yes,0
moh441,25,GOV,employeed,1,A,19036,7154,no,128,0,,own,yes,no,0
user45,53,PRV,employeed,4,B,12284,6420,no,151,0,,rent,yes,no,0
rory53,32,GOV,employeed,13,A,8478,9920,yes,861,0,,own,yes,no,1
huda9142,34,PRV,employeed,8,A,8250,3043,no,60,0,,own,yes,yes,0
huda45,63,PRV,employeed,10,A,13621,5197,no,769,1,,own,no,no,0
abd21,33,PRV,employeed,5,A,15546,4496,no,61,1,,rent,yes,yes,0
jana3121,36,PRV,employeed,4,D,5711,14703,yes,643,0,,rent,yes,yes,0
rory0940,42,PRV,employeed,9,D,5472,1778,no,905,0,,rent,yes,yes,0
nada20,54,GOV,employeed,15,A,19836,1213,yes,763,1,,rent,yes,yes,1
ahmad152,44,PRV,employeed,1,C,18884,4762,yes,670,1,,own,no,no,0
reem6091,65,GOV,employeed,46,A,5105,14399,yes,602,0,,own,no,yes,1
abd4681,22,PRV,employeed,2,B,8854,10768,no,403,0,,rent,no,no,1
reem3854,62,GOV,employeed,24,A,9407,11640,no,720,0,,own,no,no,0
omar51,43,PRV,employeed,3,D,6128,7731,no,83,1,,rent,no,yes,0
user585,35,PRV,employeed,4,C,8404,12128,yes,302,0,,own,no,yes,1
noor413,43,GOV,employeed,22,A,9477,4117,no,378,0,,own,yes,no,0
abd386,43,PRV,employeed,12,D,6717,6791,no,769,1,,rent,yes,no,1
reem80,27,GOV,employeed,3,A,10180,9783,no,296,0,,rent,yes,yes,1
sara00,69,PRV,retired,10,C,8050,14621,yes,739,0,,own,yes,no,1
rory03,51,GOV,employeed,9,A,8932,14397,no,110,1,,rent,yes,yes,1
user273,51,GOV,employeed,8,A,17476,3720,no,284,1,,rent,yes,yes,1
huda560,35,GOV,employeed,13,A,8126,9905,no,654,0,,own,no,no,0
sara893,43,GOV,employeed,14,A,14012,10127,yes,753,0,,own,no,no,1
jana85,30,GOV,employeed,8,A,19017,7047,yes,21,1,,rent,yes,yes,1
user541,40,PRV,employeed,18,C,13991,13529,no,615,1,,own,yes,no,1
noor05,69,GOV,retired,19,A,12040,9032,no,704,1,,rent,yes,yes,0
huda049,65,PRV,employeed,21,D,12602,1001,no,948,0,,own,yes,yes,0
ali036,50,GOV,employeed,10,A,18319,7368,no,659,1,,own,no,yes,0
omar59,59,PRV,employeed,17,B,17948,12040,yes,695,0,,own,no,yes,0
nada3052,47,GOV,employeed,25,A,18708,13236,no,193,1,,rent,no,yes,0
moh3212,67,PRV,retired,24,A,12421,2949,no,527,1,,own,yes,yes,0
rory93,30,PRV,employeed,4,D,15628,7732,no,651,0,,own,no,no,1
jana285,41,GOV,employeed,6,A,5887,8833,no,570,0,,rent,yes,yes,0
abd2308,68,GOV,retired,9,A,12965,1917,no,744,1,,own,yes,no,0
user138,37,GOV,employeed,17,A,5367,4174,yes,420,1,,rent,yes,yes,0
moh49,64,GOV,employeed,17,A,5936,11433,no,17,0,,rent,no,yes,0
nada568,20,GOV,employeed,2,A,3786,8014,yes,945,1,,rent,no,no,0
noor000,29,GOV,employeed,9,A,19551,1089,no,432,0,,rent,yes,yes,0
noor36,68,PRV,retired,26,A,17200,2709,no,627,1,,own,yes,yes,0
jana0876,29,GOV,employeed,8,A,18912,11361,no,214,0,,own,no,yes,1
noor8857,43,GOV,employeed,8,A,19853,13430,no,318,0,,rent,no,no,0
jana484,46,PRV,employeed,3,D,8454,4041,no,204,0,,rent,yes,no,0
ali50,55,PRV,employeed,20,C,10373,1105,no,368,1,,own,yes,yes,0
user171,36,GOV,employeed,13,A,8899,10078,no,9,0,,rent,yes,no,0
rory59,43,GOV,employeed,20,A,6794,9619,yes,337,1,,rent,yes,no,1
jana9206,63,GOV,employeed,8,A,11138,14616,no,112,1,,own,no,yes,0
rory8794,30,GOV,employeed,5,A,16122,2895,no,590,0,,own,no,yes,0
fatima621,54,GOV,employeed,6,A,19952,7090,no,867,1,,own,no,yes,0
ahmad83,47,GOV,employeed,26,A,9129,9508,no,439,0,,own,no,yes,1
omar7130,27,PRV,employeed,1,D,8413,7082,no,16,0,,own,no,yes,0
omar735,64,PRV,employeed,45,A,19971,1634,yes,407,0,,own,yes,no,0
rory9050,64,GOV,employeed,35,A,7658,2925,no,724,0,,rent,no,yes,0
user238,72,GOV,retired,2,A,16692,3056,yes,909,0,,own,yes,yes,1
noor28,65,PRV,employeed,46,C,11396,7917,yes,626,0,,rent,yes,no,0
reem238,21,PRV,employeed,1,D,8608,4144,yes,681,1,,own,no,no,1
nada82,28,GOV,employeed,4,A,12219,11462,no,732,1,,rent,yes,no,0
user150,32,PRV,employeed,5,C,5397,10631,no,166,1,,own,no,yes,0
nada08,39,GOV,employeed,8,A,13820,1552,yes,672,0,,own,no,no,0
abd0586,72,PRV,retired,25,B,19371,9907,no,724,1,,own,yes,yes,0
ahmad016,64,GOV,employeed,15,A,8394,6383,no,492,0,,rent,no,yes,0
reem4741,34,GOV,employeed,11,A,11165,4911,yes,923,0,,rent,yes,yes,0
user0196,29,GOV,employeed,5,A,9886,10905,no,104,0,,own,yes,no,0
omar304,57,PRV,employeed,5,C,11325,4389,no,674,0,,rent,yes,no,0
ali65,35,PRV,employeed,5,A,17765,10299,no,419,0,,own,yes,no,0
rory948,67,GOV,retired,49,A,5631,14629,no,653,0,,rent,yes,no,0
rory64,22,GOV,employeed,0,A,5875,13398,no,234,1,,rent,no,yes,1
noor341,60,GOV,employeed,42,A,5437,9442,no,388,1,,rent,no,no,0
rory123,30,PRV,employeed,3,D,7671,3430,no,124,0,,rent,no,yes,0
reem941,39,PRV,employeed,17,C,12214,11246,no,149,0,,rent,yes,yes,0
ahmad80,32,PRV,employeed,1,C,17488,1458,yes,453,0,,rent,no,yes,1
reem944,27,PRV,employeed,0,C,11502,14395,no,660,1,,rent,yes,no,0
huda5079,72,GOV,retired,7,A,5174,1207,no,272,0,,rent,yes,no,0
huda538,47,GOV,employeed,10,A,19949,1899,yes,861,0,,own,yes,no,0
fatima313,61,GOV,employeed,40,A,14393,12653,yes,675,0,,rent,no,no,1
moh22,69,GOV,retired,43,A,11190,12577,no,615,1,,rent,yes,yes,0
fatima6171,45,GOV,employeed,26,A,8420,1021,no,476,1,,own,yes,yes,0
moh3450,39,GOV,employeed,17,A,19168,9601,no,646,1,,rent,no,yes,0
fatima619,42,GOV,employeed,14,A,10057,1894,no,207,0,,own,yes,no,0
rory688,27,PRV,employeed,2,D,9578,1514,yes,901,1,,own,yes,no,0
reem1514,25,PRV,employeed,3,C,12205,8294,no,964,0,,rent,no,yes,0
ali05,22,PRV,employeed,4,A,3066,5904,yes,390,0,,rent,no,yes,0
rory807,31,PRV,employeed,0,C,6224,8867,no,643,0,,rent,yes,no,0
ali56,32,GOV,employeed,8,A,8956,14161,no,307,1,,rent,no,yes,0
jana4834,55,PRV,employeed,1,C,11199,5109,no,671,1,,rent,yes,yes,0
huda1922,44,GOV,employeed,26,A,12858,14258,no,271,1,,own,yes,yes,0
huda3311,74,PRV,retired,50,C,6095,8179,no,820,1,,rent,yes,yes,0
fatima077,48,PRV,employeed,25,B,6313,11326,no,716,1,,rent,yes,no,0
huda3387,18,PRV,employeed,0,B,3186,12787,no,233,0,,rent,no,no,0
fatima94,75,GOV,retired,42,A,8335,12148,no,746,1,,own,yes,yes,0
noor128,75,GOV,retired,14,A,8238,2560,no,274,0,,own,yes,yes,0
noor908,75,GOV,retired,36,A,15219,14612,no,119,1,,rent,yes,no,1
moh7882,51,GOV,employeed,30,A,15476,2266,no,369,0,,own,no,yes,0
huda882,36,GOV,employeed,18,A,13482,11361,no,818,1,,rent,no,no,0
ahmad11,26,GOV,employeed,0,A,13077,4638,yes,13,1,,rent,no,yes,1
fatima21,36,GOV,employeed,17,A,6581,9941,no,614,1,,rent,yes,yes,0
jana1389,52,PRV,employeed,34,A,6253,4427,no,834,1,,own,no,yes,0
abd32,20,GOV,employeed,1,A,3979,5780,yes,319,0,,own,no,no,0
reem414,38,PRV,employeed,1,B,6413,2927,yes,522,0,,own,yes,no,0
abd76,26,GOV,employeed,0,A,9941,12996,yes,607,0,,own,yes,no,0
ahmad30,49,GOV,employeed,14,A,14668,12894,no,596,1,,own,yes,yes,0
huda24,43,PRV,employeed,4,A,13701,3356,no,297,0,,own,yes,yes,0
reem2211,47,GOV,employeed,26,A,16896,5790,no,13,1,,rent,yes,yes,0
sara95,18,GOV,employeed,0,A,3571,11527,no,970,1,,rent,no,no,0
moh3907,48,GOV,employeed,10,A,12648,1306,no,954,1,,own,no,no,1
omar56,43,PRV,employeed,11,D,8817,8979,no,38,0,,own,no,yes,0
sara71,65,PRV,employeed,26,A,6945,4665,no,417,0,,rent,yes,yes,0
omar20,71,PRV,retired,11,B,9525,11181,no,898,0,,rent,yes,yes,0
moh39,45,PRV,employeed,13,C,6454,8057,no,177,1,,rent,yes,yes,0
reem9149,68,PRV,retired,5,B,0,1661,no,156,0,,rent,yes,no,1
user3115,18,PRV,employeed,0,D,3646,5644,yes,950,0,,rent,no,no,0
fatima4751,33,PRV,employeed,5,B,17799,9503,no,502,1,,own,yes,no,0
ahmad71,38,PRV,employeed,12,C,6144,3920,no,353,0,,rent,yes,no,0
jana44,49,PRV,employeed,21,A,18637,10274,no,822,1,,rent,yes,yes,0
nada58,37,GOV,employeed,9,A,19813,12163,yes,72,0,,own,no,yes,0
user78,53,GOV,employeed,28,A,15418,9946,yes,572,0,,own,yes,yes,0
jana258,18,PRV,employeed,0,B,3960,13322,no,442,1,,own,no,yes,0
ahmad94,18,GOV,employeed,0,A,3218,13732,yes,805,1,,rent,no,yes,0
huda4323,23,GOV,employeed,3,A,7218,7236,no,907,1,,rent,no,yes,0
reem55,56,PRV,employeed,35,C,14087,7078,yes,190,0,,rent,yes,yes,1
abd498,28,PRV,employeed,1,A,17165,14518,no,14,1,,rent,no,no,0
omar774,37,PRV,employeed,16,D,15528,1352,no,137,0,,rent,no,no,0
ahmad370,36,GOV,employeed,12,A,11710,10094,no,798,0,,rent,no,no,0
huda1064,73,PRV,retired,37,D,4584,14643,no,168,0,,rent,yes,no,0
ali8966,19,GOV,employeed,1,A,3343,13080,yes,581,0,,own,no,yes,0
noor4464,20,PRV,employeed,2,A,3640,8005,yes,120,0,,own,no,yes,0
ali4499,41,PRV,employeed,2,C,6661,1158,no,740,1,,own,yes,no,0
huda76,75,GOV,retired,28,A,3601,11169,no,260,0,,own,yes,yes,1
huda966,67,GOV,retired,39,A,6326,1956,no,618,1,,rent,yes,no,0
omar7039,62,GOV,employeed,39,A,11738,3071,no,477,1,,rent,yes,no,0
huda83,61,PRV,employeed,7,A,7348,9595,no,29,0,,own,no,yes,0
ahmad34,74,PRV,retired,40,B,3669,13803,no,955,1,,rent,yes,no,0
moh146,75,GOV,retired,19,A,12301,11971,no,57,1,,rent,yes,yes,0
nada331,22,GOV,employeed,2,A,5526,10579,yes,912,1,,own,no,no,0
nada78,68,GOV,retired,8,A,16570,4453,no,137,1,,own,yes,no,1
rory1032,22,GOV,employeed,0,A,4909,7675,no,46,0,,own,no,no,0
reem501,50,PRV,employeed,9,D,17457,1955,no,96,1,,rent,no,no,0
rory8884,31,PRV,employeed,9,B,17725,7295,yes,396,0,,rent,yes,yes,1
noor4323,71,PRV,retired,24,A,3188,2712,no,461,0,,rent,yes,no,0
fatima149,26,PRV,employeed,4,C,16525,5703,no,674,0,,own,yes,yes,0
fatima318,24,GOV,employeed,4,A,6962,7563,no,863,1,,own,no,yes,0
reem1820,52,GOV,employeed,3,A,6822,10465,no,862,0,,own,no,yes,1
user5968,32,GOV,employeed,5,A,12442,6631,no,83,0,,own,yes,no,1
huda152,23,PRV,employeed,1,D,6421,13003,no,796,1,,rent,yes,no,0
abd4506,36,GOV,employeed,18,A,8253,11817,yes,145,0,,rent,no,no,1
huda551,47,PRV,employeed,13,C,11648,11574,no,280,0,,rent,yes,no,0
nada4881,27,GOV,employeed,9,A,12569,10633,yes,615,0,,rent,yes,yes,1
sara8036,20,GOV,employeed,2,A,3003,12171,no,299,0,,own,no,no,0
rory722,48,PRV,employeed,16,D,19145,10989,no,418,1,,own,yes,yes,0
ali4923,46,PRV,employeed,27,D,6596,13582,yes,440,0,,own,yes,no,1
ahmad855,71,PRV,retired,50,C,8014,13201,no,132,0,,rent,yes,no,0
ali1440,27,PRV,employeed,2,A,12838,14042,yes,848,1,,rent,yes,no,0
user2804,22,PRV,employeed,0,A,6032,2394,no,6,0,,rent,no,yes,0
reem362,50,PRV,employeed,0,A,5088,13473,no,120,1,,rent,yes,no,0
moh585,30,PRV,employeed,6,A,8452,10461,no,678,0,,rent,no,no,0
noor004,72,PRV,retired,50,A,16880,5732,yes,871,1,,rent,yes,no,0
rory69,45,GOV,employeed,17,A,6209,14579,no,489,1,,rent,no,yes,0
rory66,23,PRV,employeed,5,C,4042,4714,no,276,1,,own,yes,no,0
jana509,70,PRV,retired,52,D,6395,1529,no,319,1,,rent,yes,no,0
rory321,51,PRV,employeed,19,C,6935,12815,no,221,0,,own,yes,no,0
user86,53,PRV,employeed,29,B,19866,3958,yes,529,1,,rent,no,yes,1
fatima096,63,PRV,employeed,43,C,9415,8904,no,135,1,,rent,no,no,0
fatima67,39,GOV,employeed,11,A,11335,12106,yes,15,1,,rent,yes,no,0
nada96,75,GOV,retired,27,A,9146,14081,no,157,1,,own,yes,no,1
nada8542,46,GOV,employeed,14,A,9280,4591,no,135,0,,own,no,no,0
fatima872,35,PRV,employeed,9,B,16821,11339,yes,533,1,,rent,no,yes,1
huda08,36,GOV,employeed,12,A,15490,7895,yes,912,0,,rent,no,yes,0
nada43,65,PRV,employeed,25,C,7221,13765,yes,153,0,,rent,no,yes,1
ahmad54,65,GOV,employeed,16,A,7812,14910,no,147,1,,own,no,no,0
ali193,30,GOV,employeed,8,A,16096,12561,no,863,0,,rent,yes,no,0
fatima0218,73,PRV,retired,20,A,7446,10131,no,734,0,,own,yes,yes,0
reem507,27,GOV,employeed,9,A,14406,1525,yes,203,1,,own,yes,yes,1
ali952,58,PRV,employeed,38,A,15801,7477,yes,424,0,,rent,no,yes,0
sara6667,30,GOV,employeed,0,A,9390,1001,no,766,1,,rent,no,yes,0
abd621,61,PRV,employeed,21,A,9670,1374,yes,303,0,,rent,yes,yes,1
sara3818,26,GOV,employeed,5,A,6463,11532,no,242,0,,rent,no,yes,0
jana11,33,PRV,employeed,15,C,6134,13197,no,850,0,,rent,yes,no,0
omar31,47,PRV,employeed,21,C,15445,12244,no,161,0,,own,yes,no,0
huda251,20,PRV,employeed,0,A,3348,5648,no,878,1,,rent,no,no,0
user48,34,GOV,employeed,8,A,12024,3365,no,279,1,,rent,yes,no,0
huda41,70,PRV,retired,18,A,12035,2525,yes,395,0,,own,yes,yes,0
jana6147,65,GOV,employeed,16,A,16965,13668,yes,984,0,,own,yes,yes,1
jana0078,42,PRV,employeed,11,B,9951,2646,yes,898,0,,own,no,no,1
rory853,22,GOV,employeed,4,A,4887,1013,no,614,0,,own,no,yes,0
abd984,55,GOV,employeed,23,A,18453,5599,yes,561,0,,rent,no,no,0
user67,59,PRV,employeed,15,A,15598,3278,no,380,1,,rent,no,yes,0
moh6938,72,GOV,retired,22,A,4395,4155,no,868,0,,rent,yes,yes,0
reem7138,51,GOV,employeed,2,A,12652,9321,no,223,0,,rent,no,yes,0
huda3356,55,GOV,employeed,16,A,17128,4814,no,770,0,,rent,yes,yes,0
fatima9007,51,PRV,employeed,2,D,9666,14125,yes,739,1,,own,yes,yes,1
jana47,61,PRV,employeed,34,C,11549,4216,no,395,0,,rent,yes,yes,0
fatima63,37,PRV,employeed,11,C,6711,12130,no,119,1,,own,no,no,0
omar2238,42,PRV,employeed,6,A,19328,13120,yes,268,1,,rent,no,yes,0
ali307,30,GOV,employeed,8,A,13657,11232,yes,7,1,,rent,no,no,1
fatima490,36,PRV,employeed,7,A,11580,9219,no,190,0,,own,no,yes,0
jana966,73,PRV,retired,50,A,7285,3113,no,690,0,,own,yes,yes,0
sara38,72,PRV,retired,41,D,10305,10444,no,987,0,,rent,yes,no,0
reem104,33,PRV,employeed,6,C,7700,5356,no,175,0,,rent,yes,no,1
moh1870,73,PRV,retired,13,C,13517,11238,no,108,1,,own,yes,no,0
rory521,32,PRV,employeed,8,D,9114,14760,no,561,0,,rent,no,yes,0
ahmad6650,53,PRV,employeed,11,C,14347,6543,no,948,0,,own,no,no,0
ahmad44,74,PRV,retired,11,B,11004,5555,no,725,1,,own,yes,yes,0
nada623,45,PRV,employeed,7,B,8530,13215,no,857,1,,rent,no,no,1
abd3595,66,PRV,retired,14,B,10439,13588,no,779,1,,rent,yes,yes,0
user784,68,PRV,retired,3,C,0,8062,no,953,1,,own,yes,yes,0
omar2699,55,GOV,employeed,10,A,17266,4374,no,629,1,,rent,no,no,0
moh55,26,GOV,employeed,0,A,14799,7430,no,781,0,,rent,no,yes,0
omar85,53,PRV,employeed,15,D,6348,4466,no,269,1,,rent,no,no,0
ahmad2608,52,GOV,employeed,23,A,18956,4081,no,445,1,,own,yes,no,0
ahmad5149,69,PRV,retired,44,D,11028,12970,no,635,1,,rent,yes,no,0
nada49,65,PRV,employeed,32,C,9766,1629,no,900,0,,own,no,yes,0
moh257,71,PRV,retired,39,D,6492,1269,yes,877,0,,own,yes,no,1
fatima831,19,GOV,employeed,1,A,3676,11831,no,245,0,,rent,no,no,1
user76,40,PRV,employeed,15,B,14252,11185,yes,259,1,,own,no,yes,1
noor0763,53,PRV,employeed,14,B,13857,6724,no,311,1,,rent,no,yes,0
nada3468,43,GOV,employeed,11,A,11028,6897,no,70,0,,rent,no,yes,0
rory780,24,PRV,employeed,6,A,6730,12083,no,909,0,,own,yes,no,0
noor53,71,GOV,retired,28,A,15372,14149,no,141,1,,own,yes,yes,0
rory9557,58,PRV,employeed,38,D,13329,4432,no,116,1,,rent,no,yes,0
noor624,48,PRV,employeed,26,B,17222,10472,no,696,0,,rent,no,yes,0
sara465,46,PRV,employeed,4,B,7263,7276,no,784,1,,rent,no,no,0
ahmad4412,47,GOV,employeed,22,A,13687,6895,no,339,1,,rent,yes,yes,0
abd676,41,GOV,employeed,21,A,18759,14994,yes,531,0,,own,yes,yes,1
jana3400,19,PRV,employeed,1,C,3594,8115,yes,982,1,,own,no,yes,1
sara443,32,GOV,employeed,2,A,17688,7656,no,128,0,,rent,no,yes,0
reem08,74,GOV,retired,28,A,12711,11552,no,658,0,,own,yes,yes,0
reem704,26,GOV,employeed,5,A,12528,1575,yes,70,1,,rent,no,yes,1
jana25,24,PRV,employeed,0,D,5728,8029,yes,434,0,,rent,no,no,0
noor7909,70,GOV,retired,42,A,19360,7099,yes,801,1,,rent,yes,no,0
sara09,74,GOV,retired,4,A,13527,10499,no,691,0,,rent,yes,yes,1
moh13,52,PRV,employeed,24,C,19427,4192,no,660,1,,own,yes,yes,0
jana816,50,PRV,employeed,27,C,16427,4178,no,525,0,,rent,no,no,0
huda48,18,PRV,employeed,0,C,3164,7052,yes,832,1,,rent,no,no,0
user7206,45,PRV,employeed,9,D,13205,3734,no,331,0,,own,no,yes,0
huda443,56,PRV,employeed,25,B,15691,7116,yes,922,0,,rent,no,no,0
sara4042,21,PRV,employeed,1,B,3787,11404,yes,588,1,,own,no,yes,0
fatima3789,74,GOV,retired,34,A,19153,11544,no,404,1,,own,yes,yes,0
omar95,57,PRV,employeed,25,D,13850,4568,yes,244,0,,rent,no,yes,1
moh536,55,GOV,employeed,17,A,14409,10847,yes,885,0,,rent,no,no,1
moh46,56,GOV,employeed,28,A,19449,10771,yes,755,0,,own,yes,yes,0
omar70,28,PRV,employeed,7,C,16702,3203,yes,467,1,,rent,yes,yes,1
nada114,69,GOV,retired,5,A,6684,2390,yes,604,0,,rent,yes,no,1
fatima2212,53,GOV,employeed,12,A,18916,2742,no,13,0,,own,no,yes,0
noor1063,47,GOV,employeed,11,A,18023,2925,no,989,0,,rent,no,no,0
jana90,24,GOV,employeed,2,A,4955,1619,no,298,0,,rent,yes,no,0
ahmad5981,33,GOV,employeed,3,A,8777,2274,no,105,0,,rent,yes,yes,0
reem03,67,GOV,retired,43,A,17266,1956,yes,847,0,,own,yes,yes,0
omar082,65,PRV,employeed,25,C,10312,2939,no,849,0,,rent,no,yes,0
moh33,59,GOV,employeed,11,A,12588,4953,no,464,0,,rent,yes,no,0
sara35,67,PRV,retired,37,B,7156,11573,yes,671,0,,rent,yes,no,1
moh5638,73,GOV,retired,30,A,8862,1968,no,669,0,,own,yes,yes,0
ahmad902,26,GOV,employeed,0,A,9533,10508,yes,866,0,,own,yes,no,0
ahmad712,58,PRV,employeed,10,D,11274,10235,no,148,1,,rent,yes,no,1
omar43,25,PRV,employeed,4,C,10098,1281,no,164,1,,rent,yes,no,0
nada4077,74,GOV,retired,55,A,18752,12036,no,709,1,,own,yes,no,0
nada74,33,GOV,employeed,3,A,9995,7262,no,476,0,,own,no,yes,0
ahmad93,61,GOV,employeed,8,A,10326,2058,no,286,1,,rent,no,yes,0
moh360,45,PRV,employeed,2,A,8868,5293,no,482,0,,own,yes,yes,0
fatima842,27,GOV,employeed,4,A,16997,11724,yes,195,1,,rent,yes,no,0
nada5989,67,PRV,retired,14,A,13118,13020,yes,469,0,,own,yes,no,0
abd45,49,PRV,employeed,9,D,18712,6178,no,320,1,,own,yes,yes,0
sara5332,68,PRV,retired,9,D,0,7980,no,89,1,,own,yes,yes,0
abd758,36,PRV,employeed,11,D,16909,14472,no,871,0,,own,no,no,0
abd878,29,PRV,employeed,9,D,18603,10200,no,925,0,,own,yes,yes,0
nada6852,33,GOV,employeed,15,A,18523,2229,no,117,1,,rent,no,no,0
moh9132,71,GOV,retired,6,A,14210,10227,no,663,0,,own,yes,yes,1
nada02,74,GOV,retired,30,A,15515,5585,no,313,0,,own,yes,no,1
nada50,48,GOV,employeed,11,A,18679,9467,no,7,0,,rent,yes,yes,0
user1931,26,PRV,employeed,6,A,10764,3740,no,228,1,,rent,no,yes,0
noor242,32,PRV,employeed,8,D,17050,3289,no,128,0,,own,yes,yes,0
jana397,59,PRV,employeed,14,B,15022,2239,yes,737,1,,own,no,yes,0
rory45,29,GOV,employeed,11,A,11223,6370,no,897,0,,own,yes,no,0
rory792,33,PRV,employeed,12,D,12034,1125,yes,596,0,,rent,no,no,1
noor200,63,PRV,employeed,2,B,7476,13257,yes,76,0,,rent,no,no,0
user66,62,GOV,employeed,27,A,15991,13504,yes,288,1,,rent,yes,no,1
sara7954,31,PRV,employeed,11,D,17110,8473,no,180,0,,own,no,no,0
user4527,59,PRV,employeed,28,C,19992,13060,no,26,1,,rent,no,no,1
ali939,24,GOV,employeed,2,A,6727,10400,yes,369,0,,own,no,no,0
moh6114,47,PRV,employeed,20,B,11231,6342,no,595,1,,own,no,no,1
fatima5206,43,PRV,employeed,15,D,14752,8351,no,194,0,,own,yes,no,0
reem88,58,GOV,employeed,32,A,7674,7638,no,59,1,,own,yes,no,0
omar1869,25,PRV,employeed,0,C,12911,7570,yes,76,1,,rent,yes,yes,1
omar3003,46,GOV,employeed,23,A,13432,4249,no,609,0,,rent,no,yes,0
abd07,63,PRV,employeed,17,D,17924,10110,no,173,1,,rent,yes,no,0
moh714,64,GOV,employeed,23,A,5694,8595,yes,282,0,,own,no,yes,1
reem9107,20,GOV,employeed,2,A,3445,14605,yes,666,1,,rent,no,no,1
ali8065,38,GOV,employeed,15,A,6131,13115,no,84,0,,rent,no,no,0
omar0281,45,PRV,employeed,0,C,11303,7294,no,290,1,,rent,yes,yes,0
omar161,75,PRV,retired,24,A,0,7527,no,715,1,,own,yes,no,0
sara31,35,PRV,employeed,14,D,16012,6757,no,910,0,,own,yes,yes,0
nada697,67,PRV,retired,44,B,12741,13595,no,731,0,,rent,yes,yes,0
moh5447,42,PRV,employeed,6,D,12954,14647,no,329,1,,own,no,no,1
jana20,57,GOV,employeed,32,A,6891,2969,yes,293,0,,own,no,no,0
ali1167,58,PRV,employeed,8,D,9795,11985,no,117,1,,own,yes,yes,0
huda386,20,PRV,employeed,1,B,3999,1891,no,11,0,,rent,no,yes,0
sara742,48,GOV,employeed,14,A,8367,5470,no,923,1,,own,no,no,1
jana39,47,PRV,employeed,22,A,10434,8175,no,455,0,,own,yes,no,0
moh817,26,PRV,employeed,2,C,10946,11225,no,245,1,,rent,yes,no,0
sara9141,27,PRV,employeed,2,B,6305,10556,yes,977,0,,rent,no,no,1
nada385,56,PRV,employeed,10,D,13529,9320,no,646,0,,own,no,yes,0
fatima5659,20,GOV,employeed,2,A,3818,10206,yes,27,1,,rent,no,no,1
jana835,45,GOV,employeed,12,A,6704,10991,no,1000,0,,own,yes,yes,0
omar62,30,GOV,employeed,12,A,5210,7812,yes,45,0,,own,yes,no,1
abd03,65,GOV,employeed,42,A,9658,8519,yes,309,1,,rent,yes,yes,1
omar3669,53,GOV,employeed,34,A,12697,14669,no,743,0,,rent,no,yes,1
huda49,53,PRV,employeed,15,A,12277,5612,yes,541,0,,rent,yes,no,0
fatima47,52,PRV,employeed,6,B,6655,10710,no,493,0,,rent,yes,yes,0
user8249,66,GOV,retired,4,A,12442,13373,no,482,1,,own,yes,no,0
ali777,35,PRV,employeed,13,C,8462,2198,yes,385,1,,rent,no,no,0
noor769,21,PRV,employeed,1,C,5945,13065,yes,98,0,,own,no,no,1
abd912,67,PRV,retired,15,A,8439,6238,no,905,1,,rent,yes,yes,0
jana952,71,PRV,retired,51,C,3612,11666,no,39,0,,own,yes,yes,0
huda11,61,PRV,employeed,35,B,10170,7089,no,332,0,,own,no,yes,0
noor0666,27,GOV,employeed,3,A,17429,12677,no,560,0,,rent,no,no,0
rory7559,37,PRV,employeed,7,B,6784,7257,no,225,1,,rent,no,yes,1
jana801,22,PRV,employeed,1,D,7141,13241,no,441,0,,rent,no,no,0
moh7496,59,PRV,employeed,27,B,12757,8705,no,898,0,,rent,no,yes,0
moh3568,60,PRV,employeed,17,A,15224,4719,no,154,0,,own,no,no,0
sara539,45,GOV,employeed,17,A,12625,1302,yes,86,1,,rent,yes,no,0
ali9337,63,PRV,employeed,19,A,5365,13144,no,924,1,,rent,yes,no,0
ahmad186,74,GOV,retired,39,A,8519,13875,no,628,0,,own,yes,yes,1
jana166,40,GOV,employeed,18,A,14465,1986,no,390,1,,rent,no,no,0
sara662,66,PRV,retired,32,C,11888,11055,no,865,1,,own,yes,yes,0
sara18,42,GOV,employeed,12,A,6251,5440,no,271,0,,own,no,yes,0
noor78,62,PRV,employeed,11,B,11096,5909,no,265,1,,own,no,no,0
nada073,28,GOV,employeed,2,A,16081,4072,no,910,0,,rent,yes,yes,0
ali81,33,GOV,employeed,0,A,13996,14598,no,243,0,,own,yes,no,1
nada661,62,GOV,employeed,36,A,5723,14965,no,229,0,,rent,no,yes,0
jana87,26,PRV,employeed,8,A,9191,4124,no,649,1,,rent,no,no,0
jana0485,36,GOV,employeed,17,A,18662,10519,no,678,1,,own,no,no,0
sara61,32,GOV,employeed,12,A,17312,14380,no,757,0,,own,yes,yes,0
omar5061,25,PRV,employeed,5,C,5585,11600,no,163,1,,own,no,no,0
reem90,24,PRV,employeed,3,C,7599,12865,no,158,1,,own,yes,no,0
rory08,67,GOV,retired,13,A,7859,9125,no,268,0,,rent,yes,yes,0
huda718,74,PRV,retired,52,C,9496,4291,yes,283,0,,rent,yes,yes,1
ahmad4027,33,GOV,employeed,8,A,6438,5033,no,957,0,,own,no,no,1
huda778,38,PRV,employeed,0,A,13246,6105,yes,121,1,,own,no,yes,1
noor800,75,GOV,retired,7,A,15691,1703,no,169,1,,own,yes,no,0
moh2940,31,PRV,employeed,5,A,7392,9133,no,855,1,,rent,no,no,0
reem8021,65,PRV,employeed,7,B,19559,1574,yes,814,0,,rent,yes,yes,1
nada83,69,PRV,retired,3,C,0,6704,yes,901,0,,rent,yes,yes,0
fatima332,52,GOV,employeed,27,A,8204,12424,no,265,1,,own,no,no,0
rory723,46,GOV,employeed,14,A,7072,8848,no,258,1,,rent,yes,no,0
ahmad79,54,GOV,employeed,36,A,10494,6208,no,695,0,,own,no,yes,0
ahmad9602,60,PRV,employeed,5,A,19464,13975,yes,277,1,,rent,no,yes,1
ali7583,31,PRV,employeed,2,B,5099,7924,no,72,1,,rent,yes,no,0
huda3537,52,PRV,employeed,27,B,11183,11824,no,345,1,,rent,no,yes,0
fatima4251,62,GOV,employeed,0,A,15761,4828,no,430,0,,own,yes,yes,0
user0067,27,PRV,employeed,5,D,5539,4230,no,140,1,,own,yes,no,0
nada072,67,GOV,retired,17,A,6532,1488,no,709,0,,rent,yes,yes,0
rory870,73,PRV,retired,2,B,0,8114,yes,364,0,,rent,yes,no,0
omar03,51,PRV,employeed,33,D,16136,10539,no,304,0,,own,yes,yes,0
omar7657,25,PRV,employeed,7,B,6719,12873,no,442,0,,own,yes,no,0
abd253,27,GOV,employeed,7,A,6301,4173,no,371,0,,own,yes,yes,0
ahmad2581,56,GOV,employeed,34,A,10191,13781,yes,624,1,,own,no,yes,1
user5902,26,GOV,employeed,0,A,15838,2667,no,217,0,,rent,no,no,0
abd11,66,GOV,retired,44,A,6983,10829,yes,878,1,,own,yes,no,0
omar050,46,GOV,employeed,18,A,5990,5114,no,783,1,,own,no,no,0
ali5796,65,GOV,employeed,31,A,16480,4553,no,57,1,,own,no,yes,0
ahmad8548,24,GOV,employeed,6,A,7770,8761,no,739,0,,own,no,no,0
fatima6753,44,PRV,employeed,23,B,16805,2000,yes,920,1,,own,no,no,0
rory488,28,PRV,employeed,2,B,9140,10042,yes,71,0,,own,no,no,0
ahmad9364,38,GOV,employeed,15,A,18459,2388,no,735,1,,rent,no,yes,0
ali5793,20,PRV,employeed,2,A,3213,6450,yes,863,1,,rent,no,yes,0
huda9066,68,GOV,retired,26,A,13672,4712,yes,577,0,,own,yes,yes,1
ali8950,45,PRV,employeed,7,A,18818,2367,no,536,1,,rent,yes,no,0
rory208,23,GOV,employeed,2,A,3563,9189,no,300,1,,own,yes,yes,0
abd77,58,PRV,employeed,6,B,14270,10013,yes,456,0,,own,no,no,1
moh11,71,GOV,retired,20,A,8462,1454,no,868,0,,rent,yes,no,0
user80,38,PRV,employeed,5,C,13849,10816,yes,607,0,,own,no,no,1
sara58,52,PRV,employeed,26,A,5315,3772,no,73,1,,own,no,no,0
rory48,33,PRV,employeed,7,A,5194,4726,no,943,0,,own,yes,no,0
omar150,65,PRV,employeed,4,D,13494,8232,no,278,0,,own,no,yes,1
jana16,44,PRV,employeed,16,C,16141,12339,no,503,0,,own,no,no,0
omar2425,36,GOV,employeed,2,A,11802,13281,no,139,1,,own,yes,no,0
moh72,57,PRV,employeed,16,A,18715,5806,no,660,1,,rent,no,yes,0
fatima1903,40,PRV,employeed,12,D,5433,3190,yes,64,1,,own,yes,yes,1
huda4638,20,PRV,employeed,1,C,3273,10108,no,835,0,,own,no,yes,0
ahmad3996,44,GOV,employeed,26,A,19509,13178,no,931,0,,rent,yes,yes,0
user894,22,PRV,employeed,2,A,5746,3875,no,38,1,,rent,no,no,0
moh09,66,GOV,retired,39,A,19600,6592,no,285,0,,own,yes,no,0
moh6945,30,PRV,employeed,11,A,6948,2440,no,273,1,,own,no,no,1
reem0109,45,PRV,employeed,18,C,8952,13592,yes,173,0,,own,no,no,1
sara29,43,PRV,employeed,7,A,6928,9927,no,296,0,,rent,yes,yes,0
noor07,55,GOV,employeed,6,A,6051,12760,no,414,1,,own,yes,no,0
reem722,34,PRV,employeed,0,B,12864,7059,no,72,0,,own,no,yes,0
jana733,42,GOV,employeed,4,A,19517,12530,no,462,0,,rent,no,yes,1
reem1401,25,GOV,employeed,7,A,12344,8010,no,736,1,,own,no,no,0
jana38,59,GOV,employeed,41,A,19607,12207,no,178,0,,own,no,no,0
moh7586,58,PRV,employeed,22,B,14765,8117,yes,245,1,,rent,no,yes,1
noor977,26,GOV,employeed,0,A,12886,12081,yes,408,0,,rent,no,no,1
huda4439,20,GOV,employeed,0,A,3119,10153,yes,271,0,,own,no,no,0
omar525,20,GOV,employeed,0,A,3687,3989,no,547,0,,rent,no,no,0
nada29,37,GOV,employeed,10,A,13478,13040,yes,330,0,,own,no,yes,0
jana6203,66,PRV,retired,43,C,6703,10218,no,110,0,,own,yes,yes,0
moh25,43,PRV,employeed,11,D,19108,7228,no,803,1,,rent,no,no,0
noor92,64,PRV,employeed,14,A,11669,13057,no,587,0,,own,no,no,0
reem372,41,GOV,employeed,3,A,12318,7471,no,558,0,,own,no,no,0
huda6741,55,PRV,employeed,2,B,10635,3863,yes,622,0,,rent,yes,yes,0
ahmad3736,51,PRV,employeed,19,A,5234,14761,no,197,1,,rent,yes,no,0
omar7792,50,PRV,employeed,20,B,5368,11693,no,242,0,,own,yes,yes,0
reem97,67,PRV,retired,27,C,10891,11139,no,235,1,,own,yes,no,1
user498,39,PRV,employeed,12,A,7089,2177,no,848,1,,own,yes,yes,0
omar5822,64,GOV,employeed,17,A,13009,5760,no,951,0,,own,no,no,0
sara4213,19,PRV,employeed,0,D,3704,1011,no,89,0,,rent,no,yes,0
jana79,26,PRV,employeed,6,D,9366,6252,no,589,1,,rent,yes,yes,0
nada21,26,GOV,employeed,1,A,7875,5399,no,323,1,,rent,no,yes,0
ali85,65,PRV,employeed,16,D,15503,12556,no,10,0,,rent,no,yes,0
abd31,64,PRV,employeed,37,A,18790,12214,yes,274,1,,rent,no,no,1
user820,39,GOV,employeed,2,A,5275,12563,no,947,0,,own,yes,no,0
ahmad15,48,PRV,employeed,24,C,13115,12022,yes,959,1,,rent,no,yes,0
rory1835,35,GOV,employeed,10,A,10006,9234,no,812,0,,rent,no,yes,0
rory6233,64,GOV,employeed,34,A,17219,10135,no,937,0,,own,yes,no,0
moh43,38,GOV,employeed,18,A,16194,11582,yes,165,0,,own,yes,no,0
moh8083,48,PRV,employeed,26,B,18175,6445,no,939,1,,own,yes,yes,1
ali860,47,PRV,employeed,7,C,5419,11737,no,750,1,,rent,yes,no,0
omar850,37,GOV,employeed,19,A,15818,11603,no,124,0,,own,no,yes,0
fatima8954,72,PRV,retired,14,D,6304,14178,no,50,1,,rent,yes,yes,0
jana42,37,GOV,employeed,5,A,17042,7570,no,336,0,,own,no,yes,0
reem7016,22,PRV,employeed,1,D,5477,10196,yes,541,0,,rent,no,no,0
ahmad4467,40,GOV,employeed,9,A,9896,9212,no,747,1,,rent,yes,no,1
huda12,71,PRV,retired,33,D,4761,1406,yes,85,1,,rent,yes,no,0
jana13,44,PRV,employeed,0,D,19963,10206,no,542,0,,own,yes,no,0
noor109,61,GOV,employeed,39,A,15697,5431,yes,570,1,,rent,no,yes,0
nada63,75,GOV,retired,47,A,3011,11030,no,202,0,,own,yes,yes,0
fatima1777,74,PRV,retired,7,D,0,12380,no,55,0,,rent,yes,yes,0
moh0902,21,PRV,employeed,1,B,3533,6243,yes,720,0,,rent,no,yes,1
noor87,39,PRV,employeed,7,C,10228,7542,no,507,1,,rent,yes,no,0
sara52,60,GOV,employeed,23,A,12785,7936,no,850,0,,rent,yes,no,0
noor075,27,PRV,employeed,1,B,16602,9906,no,963,0,,rent,yes,yes,0
abd06,72,PRV,retired,31,B,17586,5146,no,603,1,,own,yes,no,0
nada6382,27,GOV,employeed,1,A,9233,13046,no,343,0,,own,yes,no,1
sara574,72,PRV,retired,44,C,18797,13611,no,318,0,,rent,yes,yes,0
sara6452,49,GOV,employeed,22,A,14777,14076,yes,279,1,,rent,no,no,0
rory069,44,PRV,employeed,15,B,17478,1140,yes,504,1,,own,no,yes,0
jana89,46,GOV,employeed,1,A,10777,13757,no,73,0,,rent,no,yes,1
user49,46,PRV,employeed,23,D,9346,5882,no,368,0,,own,yes,yes,0
ahmad4493,35,PRV,employeed,13,B,12952,14645,no,294,1,,rent,no,yes,0
ali085,66,GOV,retired,10,A,7991,7012,no,810,0,,rent,yes,yes,0
nada7078,48,PRV,employeed,0,D,17304,1963,no,869,1,,rent,no,yes,1
rory0224,64,PRV,employeed,32,C,5354,8151,no,12,1,,rent,yes,yes,0
rory4049,67,PRV,retired,34,C,6078,9564,no,751,0,,rent,yes,no,0
fatima7124,66,GOV,retired,38,A,19551,12827,no,758,1,,own,yes,no,0
nada826,47,GOV,employeed,20,A,9402,11733,no,566,1,,own,no,no,0
sara432,52,GOV,employeed,0,A,6061,4610,no,383,0,,own,yes,yes,0
ali4002,35,GOV,employeed,5,A,11088,10884,no,941,1,,rent,yes,no,1
ali5688,49,PRV,employeed,10,C,10108,7894,no,229,0,,rent,yes,no,0
reem46,62,GOV,employeed,15,A,5213,14467,yes,767,1,,rent,yes,no,1
omar5037,23,PRV,employeed,4,B,6416,14959,yes,6,0,,own,no,yes,1
reem1389,18,PRV,employeed,0,D,3804,8311,no,242,1,,own,no,no,0
nada9975,47,PRV,employeed,14,C,12189,1105,no,737,0,,own,no,no,0
ahmad43,30,GOV,employeed,7,A,19679,6539,no,935,0,,rent,yes,yes,1
jana330,44,PRV,employeed,16,A,5872,10873,no,62,1,,rent,no,yes,0
user17,58,PRV,employeed,17,B,10966,13289,yes,882,0,,rent,no,yes,1
ahmad5728,52,GOV,employeed,23,A,15223,13208,no,506,0,,rent,yes,no,0
rory52,43,GOV,employeed,6,A,17086,11828,no,610,1,,own,no,yes,0
fatima4069,69,PRV,retired,19,B,7072,7787,no,262,0,,own,yes,yes,0
ahmad361,56,PRV,employeed,13,B,6115,3137,no,52,0,,rent,yes,no,1
omar226,52,PRV,employeed,21,D,18551,12608,no,721,0,,own,yes,no,0
jana106,40,PRV,employeed,19,C,12552,5445,yes,592,1,,rent,no,no,0
noor011,36,GOV,employeed,16,A,15330,4530,no,812,1,,own,no,yes,1
omar2594,46,PRV,employeed,13,B,9140,2286,no,297,1,,own,no,no,0
noor91,44,PRV,employeed,7,C,7441,12371,no,103,0,,own,no,no,0
user476,62,GOV,employeed,5,A,18489,14350,no,759,1,,rent,no,yes,0
abd2766,69,GOV,retired,40,A,7301,8052,yes,380,0,,rent,yes,yes,1
jana372,43,PRV,employeed,25,C,17461,4654,yes,560,1,,own,no,no,0
user281,62,PRV,employeed,24,A,10649,8102,no,98,1,,own,yes,no,0
fatima9432,61,GOV,employeed,16,A,11972,3359,no,91,0,,own,yes,yes,0
ahmad60,52,GOV,employeed,3,A,18405,9105,yes,827,0,,own,no,yes,1
ali1303,35,PRV,employeed,11,A,17487,9636,yes,673,1,,rent,no,no,1
ahmad393,53,PRV,employeed,12,D,19300,7441,no,190,0,,own,no,no,0
ali4643,21,GOV,employeed,3,A,5578,6047,yes,349,1,,rent,no,no,1
fatima7093,60,PRV,employeed,2,C,17482,9227,no,395,1,,own,yes,yes,0
sara3390,48,GOV,employeed,1,A,16620,6203,no,393,0,,rent,no,no,0
sara23,53,PRV,employeed,17,A,11895,10667,no,511,1,,own,yes,no,1
noor8849,50,GOV,employeed,12,A,11116,13149,yes,55,1,,own,no,yes,0
ahmad72,63,PRV,employeed,14,D,6437,2798,yes,49,1,,own,yes,no,1
nada7002,43,PRV,employeed,4,D,18516,11037,no,603,1,,rent,no,no,0
nada394,19,PRV,employeed,0,B,3994,10600,no,238,1,,own,no,no,0
jana447,46,PRV,employeed,19,A,5167,6291,no,45,0,,own,no,yes,1
ali19,62,GOV,employeed,32,A,14807,6495,yes,876,1,,rent,no,yes,1
rory35,30,GOV,employeed,6,A,10408,10900,no,389,1,,own,yes,yes,0
reem349,24,GOV,employeed,2,A,6466,14673,no,51,1,,rent,yes,no,0
moh9187,38,GOV,employeed,0,A,18851,12130,no,998,1,,rent,no,yes,1
sara62,22,GOV,employeed,2,A,8777,7284,no,324,0,,rent,no,no,0
jana26,37,PRV,employeed,10,D,9944,8285,no,438,0,,rent,yes,no,0
abd49,24,GOV,employeed,0,A,3788,2300,no,242,0,,own,no,no,0
ahmad99,48,PRV,employeed,12,B,18695,7869,yes,251,0,,own,no,no,0
fatima40,63,GOV,employeed,20,A,15713,10435,no,244,1,,rent,yes,no,0
rory8670,59,GOV,employeed,7,A,17991,13168,yes,76,1,,rent,yes,yes,1
ali913,51,GOV,employeed,20,A,12952,4097,no,383,0,,rent,yes,no,0
reem630,75,GOV,retired,55,A,18955,5616,no,174,0,,own,yes,yes,0
ahmad450,62,GOV,employeed,21,A,19046,1009,yes,629,0,,own,yes,yes,1
rory43,53,GOV,employeed,6,A,5416,14271,no,196,1,,own,no,yes,0
nada32,75,PRV,retired,15,C,0,11617,yes,471,1,,own,yes,yes,1
omar1376,44,PRV,employeed,23,A,7106,6752,no,677,0,,own,yes,no,0
moh17,72,PRV,retired,0,B,0,10852,no,229,0,,own,yes,no,0
jana1936,34,PRV,employeed,0,C,8898,11823,yes,935,1,,own,no,no,1
ali567,75,PRV,retired,24,A,0,7295,no,137,1,,own,yes,no,0
ali045,53,PRV,employeed,25,A,9256,5815,no,865,1,,own,no,no,0
jana48,64,PRV,employeed,3,B,8495,2072,yes,903,0,,rent,no,no,1
abd04,45,GOV,employeed,16,A,7437,4225,yes,412,0,,rent,yes,yes,1
sara245,51,GOV,employeed,7,A,19374,14146,no,767,0,,rent,no,yes,0
sara88,61,GOV,employeed,21,A,6730,2316,no,769,0,,own,yes,yes,0
omar8535,19,PRV,employeed,0,D,3107,6699,no,725,1,,own,no,no,1
sara579,37,PRV,employeed,13,A,10548,13337,yes,147,0,,own,no,no,0
ali01,64,PRV,employeed,33,D,17053,7807,yes,362,1,,own,yes,yes,1
